<?xml version="1.0"?>
<toc label="Ch_Linux_OS" topic="Ch_Linux_OS.htm">

<topic label="CED Lite Introduction"
 href="web_CED_intro.htm">
   <topic>
      <topic label="Display Setup"
       href="web_display_setup.htm"/>
      <topic label="Entering Advanced Settings"
       href="web_Adv_settings.htm"/>
      <topic label="Setting Overlay Color Correction"
       href="web_overlay_color_corr.htm"/>
      <topic label="Setting LVDS and SDVO Framebuffer Color Correction Attributes"
       href="web_lvds-sdvo_color.htm"/>
      <topic label="Creating a New Customized DTD"
       href="web_CreatingCustDTD.htm">
         <topic label="DTD Example Specifications"
          href="web_example_DTD_specs.htm"/>
      </topic>

      <topic label="Configuring LVDS and SDVO Ports"
       href="web_ConfiguringLVDS-SDVOPorts.htm"/>
      <topic label="Configuring LVDS Flat Panel Settings"
       href="web_LVDS_flatpanel.htm"/>
      <topic label="Configuring SDVO Flat Panel Settings"
       href="web_SDVO_flatpanel.htm"/>
      <topic label="Configuring LVDS or SDVO Attribute Settings"
       href="web_LVDS-SDVOAttributeSettings.htm"/>
      <topic label="Display Detection and Initialization"
       href="web_DisplayDetect.htm">
         <topic label="Display Detect Operation"
          href="web_Display_detect_oper.htm"/>
         <topic label="Detectable Displays"
          href="web_Detectable_displays.htm">
            <topic label="Sample Advanced EDID Configurations"
             href="web_SampleEDIDConfigs.htm"/>
         </topic>

      </topic>

      <topic label="OpenGL Support"
       href="web_Linux_openGL_intro.htm"/>
      <topic label="Port Driver Attributes"
       href="web_PortDriverAttributes.htm">
         <topic label="Standard Port Driver Attributes"
          href="web_PortDriverAttributes.htm"/>
         <topic label="Internal LVDS Port Driver Attributes (Mobile chipsets only)"
          href="web_Inter_LVDS_port_attrib.htm"/>
         <topic label="HDMI Port Driver Attributes"
          href="web_HDMI_port_attrib.htm">
            <topic label="SDVO-HDMI (CH7315)"
             href="web_HDMI_port_attrib.htm"/>
            <topic label="Internal HDMI"
             href="web_HDMI_port_attrib.htm"/>
         </topic>

         <topic label="Chrontel CH7307 Port Driver Attributes"
          href="web_CH7307_port_attrib.htm"/>
         <topic label="Chrontel CH7308 Port Driver Attributes"
          href="web_CH7308_port_attrib.htm"/>
         <topic label="Chrontel CH7315/CH7319/CH7320 Port Driver Attributes"
          href="web_CH7315-7319-7320_port_attrib.htm"/>
         <topic label="Chrontel CH7317b Port Driver Attributes"
          href="web_CH7315-7319-7320_port_attrib.htm"/>
         <topic label="Chrontel CH7022 Port Driver Attributes"
          href="web_CH7315-7319-7320_port_attrib.htm"/>
         <topic label="Silicon Image SiI 1362/SiI 1364 Port Driver DVI Attributes"
          href="web_Si1362-1364_port_dvi.htm"/>
         <topic label="OKI* ML7213"
          href="web_OKI_attr.htm"/>
         <topic label="STM* IOH ConneXt"
          href="web_STM_attr.htm"/>
         <topic label="Default Search Order"
          href="web_DefaultDVOSearchOrder.htm"/>
         <topic label="Default GPIO Pin Pair Assignments"
          href="web_DefaultGPIOPinPairAssigns.htm"/>
         <topic label="Default I2C Device Address Byte Assignment "
          href="web_DefaultIC2DeviceAddressByteAssign.htm"/>
      </topic>

      <topic label="2D/3D API Support"
       href="web_OpenGL_APIs.htm">
         <topic label="2D Support"
          href="web_OpenGL_APIs.htm"/>
         <topic label="3D Support"
          href="web_OpenGL_APIs.htm">
            <topic label="OpenGL APIs"
             href="web_OpenGL_3D_APIs.htm"/>
            <topic label="Supported Intel&#174; OpenGL APIs"
             href="web_OpenGL_LIN.htm"/>
            <topic label="Non-Supported Intel&#174; OpenGL APIs"
             href="web_OpenGL_nosupt.htm"/>
            <topic label="OpenGL ES 1.1"
             href="web_OpenGLES1-1.htm"/>
            <topic label="OpenGL ES 2.0"
             href="web_OpenGLES2.htm"/>
            <topic label="OpenVG 1.1"
             href="web_OpenVG1-1.htm"/>
         </topic>

      </topic>

      <topic label="Generating Intel&#174; EMGD Configuration"
       href="web_generate_config.htm"/>
      <topic label="Options"
       href="web_options.htm"/>
      <topic label="Reset"
       href="web_reset.htm" />
   </topic>
</topic>

</toc>
