<?xml version="1.0" encoding="ISO-8859-1"?>
<LVDSDTD>
<DTD>640x480@60Hz</DTD>
<DTD>640x480NEC8_4</DTD>
<DTD>800x480@60Hz</DTD>
<DTD>800x480NEC</DTD>
<DTD>800x600@60Hz</DTD>
<DTD>1024x600Samsung4_8</DTD>
<DTD>1024x600TMD5_61</DTD>
<DTD>1024x768@60Hz</DTD>
<DTD>1152x864@75Hz</DTD>
<DTD>1280x768@60Hz</DTD>
<DTD>1280x768ReducedBlanking</DTD><DTD>1280x768Sharp7_2</DTD><DTD>1280x800Samsung15_4</DTD><DTD>1280x960@60Hz</DTD><DTD>1280x1024@60Hz</DTD><DTD>1360x768@60Hz</DTD><DTD>1366x768@60Hz</DTD><DTD>1400x1050@60Hz</DTD><DTD>1400x1050ReducedBlanking</DTD><DTD>1600x1024@60Hz</DTD><DTD>1600x1200@60Hz</DTD><DTD>1792x1344@60Hz</DTD><DTD>1856x1392@60Hz</DTD><DTD>1920x1200@60Hz</DTD><DTD>1920x1200ReducedBlanking</DTD><DTD>1920x1440@60Hz</DTD>
</LVDSDTD>