<?xml version="1.0" encoding="ISO-8859-1"?>
<SDVO_CARDS>
<SCARD id="CH7022">Chrontel* CH7022 VGA / TV</SCARD>
<SCARD id="CH7307">Chrontel* CH7307 DVI</SCARD>
<SCARD id="CH7308">Chrontel* CH7308 LVDS</SCARD>
<SCARD id="CH7315">Chrontel* CH7315 HDMI</SCARD>
<SCARD id="CH7317">Chrontel* CH7317 VGA</SCARD>
<SCARD id="CH7319">Chrontel* CH7319/CH7320 Dual-port DVI</SCARD>
<SCARD id="SI1362">Silicon Image* SII1362 DVI</SCARD>
<SCARD id="SI1364">Silicon Image* SII1364 DVI</SCARD>
<SCARD id="STM_IOH">STM* IOH ConneXt</SCARD>
<SCARD id="OKI_ML7213">OKI* ML7213</SCARD>
</SDVO_CARDS>